scenario,annual_hvac_kwh,energy_saved_kwh,saving_pct,cost_saving_gbp,carbon_saving_tco2e,capex_gbp,payback_years,roi_pct,npv_15yr_gbp
Baseline (fixed schedule),1000833.3416499583,0.0,0.0,0.0,0.0,0,,,
Occupancy-based scheduling,774387.0570469223,226446.284603036,22.6257734609161,63404.95968885009,46.87438091282845,45000,0.709723659171624,140.89991041966687,570804.7555557921
Smart thermostats,896362.8397284221,104470.50192153617,10.438351479109171,29251.74053803013,21.625393897757984,30000,1.0255799979148952,97.50580179343378,254100.18743014504
Building Automation System,715166.7331910584,285666.6084588999,28.542874879443403,79986.65036849197,59.13298795099227,150000,1.875312934207924,53.32443357899464,626850.2640741781
Combined optimisation,639142.3953854255,361690.94626453274,36.13897851047355,101273.46495406918,74.87002587675828,200000,1.9748509650648027,50.636732477034585,783593.1074851803
